,link,tipo,publicado_clasipar,precio,descripcion,titulo,banio,habitaciones,ide,fecha_inserion,publicado_info,ciudad,publicado_facebook,publicado_hendyla,agente_remax,1publicado_clasipar,1publicado_info,1publicado_hendyla,1publicado_facebook,2publicado_clasipar,2publicado_info,2publicado_hendyla,2publicado_facebook,3publicado_clasipar,3publicado_info,3publicado_hendyla,3publicado_facebook,4publicado_clasipar,4publicado_info,4publicado_hendyla,4publicado_facebook,5publicado_clasipar,5publicado_info,5publicado_hendyla,5publicado_facebook,6publicado_clasipar,6publicado_info,6publicado_hendyla,6publicado_facebook,mts,prueba
0,https://www.remax.com.py/es-py/propiedades/departamento/venta/manora/san-martin-e-dr-migone-san-martin-e-dr-migone/143025033-317,Departamento,,"152,679 USD","Vendo Departamento con una vista increÃ­ble en el Edificio Sun Palace Tower
Ubicado a pasos del Shopping del Sol sobre San MartÃ­n e/ Dr. Migone

Cadena de Edificios, van por su Decimo Desarrollo Inmobiliario, trayectoria y seriedad en todos sus Edificios

Departamento de 2 Dormitorios distribuidos de la siguiente forma:
Superficie Propia: 79.1 m2
- 2 Dormitorios, una en suite con vestidor
- Segundo Dormitorio
- BaÃ±o Familiar o Social
- Balcon
- Sala Estar Comedor
- Cocina integrada
- Lavadero separado

AMENITIES:
- Doble Lobby
- Sala de Cine
- Piscina para Adultos
- Solarium
- Pisicina para niÃ±os
- Gimnasio
- Sala de Yoga
- Quincho con parrilla
- 2 Salones Multiuso Climatizados
- BaÃ±os con duchas y vestidores para Servicio
- ConserjerÃ­a 24 horas
- Estacionamiento preparado para vehÃ­culos elÃ©ctricos (EV)
- Bauleras y Depositos
- Area para personal domestico con duchas, vestuarios, y lockers independientes para mujeres y hombres
- Generador

Inversion $ 152.679
Cocheras $ 20.000
Cocheras para motos $ 4.500
Baulera $ 4.500

Contructora a cargo del Proyecto: CCI, mas de 30 AÃ±os de experiencia en el mercado",Departamento - Venta - Paraguay AsunciÃ³n ManorÃ¡,2.0,2.0,143025033-317,22/07/2024,,Asuncion,,,Carolina Vega,1.0,,,,,,,,,,,,,,,,,,,,,,,,79.1,
1,https://www.remax.com.py/es-py/propiedades/casa/venta/obrero/avda-tuyuti-12-proyectadas-esq-mexico-avda-tuyuti-12-proyectadas-esq-mexico/143081031-371,Casa,,775000000 GS,"Se encuentra ubicada en esquina sobre la Avda. Tuyuti (12 proyectadas) esq MÃ©xico
Referencias de la zona: CNNU (Colegio Nacional Naciones Unidas), Supermercado Stock, Club Cerro PorteÃ±o, Club Nacional, Hospital General de Barrio Obrero.

La casa fue completamente refaccionada a nueva, caÃ±erÃ­as, electricidad, pisos, aberturas, techo, cielo raso, etc. Con materiales de excelente calidad.

- Medidas del terreno: 15 x 24 mts.
- Superficie del terreno: 300 mÂ²
- Superficie construida: 162 m2

EstÃ¡ desarrollada toda en planta baja, con una distribuciÃ³n perfecta:
- PÃ³rtico de acceso
- JardÃ­n frontal
- Hall
- Living comedor social
- BaÃ±o social
- Quincho con parrilla
- Patio lateral
- Garaje amplio para 1 vehÃ­culo
- Estar diario
- Comedor diario
- Cocina
- Ãrea de servicio completa con habitaciÃ³n, baÃ±o, lavadero y depÃ³sito
- 1 habitaciÃ³n en suite
- 2 habitaciones secundarias
- 1 baÃ±o familiar

UbicaciÃ³n: https://maps.app.goo.gl/Kd5VrGx5Tg8CaQJq9

InversiÃ³n: Gs. 775.000.000",Casa - Venta - Paraguay AsunciÃ³n Obrero,4.0,3.0,143081031-371,22/07/2024,,Asuncion,,,Barbara JimÃ©nez,1.0,,,,,,,,,,,,,,,,,,,,,,,,462.0,
2,https://www.remax.com.py/es-py/propiedades/terreno/venta/obrero/cadete-sisa-6ta-c-iturbe-cadete-sisa-6ta-c-iturbe/143072074-53,Terreno,,588000000 GS,"âœ¨ Esá´›Ê€á´€á´›Ã©É¢Éªá´„á´ á´›á´‡Ê€Ê€á´‡É´á´ á´‡É´ esquina en Barrio Obrero AsunciÃ³n

ğŸ’¡Iá´…á´‡á´€ÊŸ á´˜á´€Ê€á´€ á´‡á´…ÉªÒ“Éªá´„Éªá´ á´…á´‡ á´…á´‡á´˜á´€Ê€á´›á´€á´á´‡É´á´›á´s, duplex o gran residencia familiar.â£

ğŸ“ŒA media cuadra de la Avda. Caballero, 5 minutos del micro centro, 5 cuadras de la Nueva Olla, rÃ¡pidos accesos que conectan a la costanera, 5 minutos del Cá´ÊŸá´‡É¢Éªá´ Cristo Rey, todo tipo de locales á´„á´á´á´‡Ê€á´„Éªá´€ÊŸá´‡s en puerta.

ğŸ“Dimensiones de los 3 terrenos
Sup. Terreno: 267,46 m2
Sup Const: 72 m2
Frente sur: 10 m
Contra norte: 5,50 m
costado este: 34,40 m
contr. costado oeste: 34,25 m


ğŸ“UbicaciÃ³n: https://maps.app.goo.gl/yt5KVLwugUYFxZ1L7

ğŸ’°ğ— ğ—¼ğ—»ğ˜ğ—¼ ğ—±ğ—² ğ—¹ğ—® ğ—¶ğ—»ğ˜ƒğ˜€ğ—²ğ—¿ğ˜€ğ—¶Ã³ğ—»: Gs. 588.000.000",Terreno - Venta - Paraguay AsunciÃ³n Obrero,,,143072074-53,22/07/2024,,Asuncion,,,Junior Paredes,1.0,,,,,,,,,,,,,,,,,,,,,,,,267.46,
3,https://www.remax.com.py/es-py/propiedades/terreno/venta/obrero/cadete-sisa-6ta-c-iturbe-cadete-sisa-6ta-c-iturbe/143072074-52,Terreno,,663000000 GS,"âœ¨ Esá´›Ê€á´€á´›Ã©É¢Éªá´„á´ á´›á´‡Ê€Ê€á´‡É´á´ á´‡É´ esquina en Barrio Obrero AsunciÃ³n

ğŸ’¡Iá´…á´‡á´€ÊŸ á´˜á´€Ê€á´€ á´‡á´…ÉªÒ“Éªá´„Éªá´ á´…á´‡ á´…á´‡á´˜á´€Ê€á´›á´€á´á´‡É´á´›á´s, duplex o gran residencia familiar.â£

ğŸ“ŒA media cuadra de la Avda. Caballero, 5 minutos del micro centro, 5 cuadras de la Nueva Olla, rÃ¡pidos accesos que conectan a la costanera, 5 minutos del Cá´ÊŸá´‡É¢Éªá´ Cristo Rey, todo tipo de locales á´„á´á´á´‡Ê€á´„Éªá´€ÊŸá´‡s en puerta.

ğŸ“Dimensiones de los 3 terrenos
Sup. Terreno: 300,72 m2
Sup Const: 367 m2
Frente oeste: 14.09 m
Contra este: 11.50 m
costado norte: 24.75 m
costado sur: 22.64 m


ğŸ“UbicaciÃ³n: https://maps.app.goo.gl/yt5KVLwugUYFxZ1L7

ğŸ’°ğ— ğ—¼ğ—»ğ˜ğ—¼ ğ—±ğ—² ğ—¹ğ—® ğ—¶ğ—»ğ˜ƒğ˜€ğ—²ğ—¿ğ˜€ğ—¶Ã³ğ—»: Gs. 663.000.000",Terreno - Venta - Paraguay AsunciÃ³n Obrero,2.0,2.0,143072074-52,22/07/2024,,Asuncion,,,Junior Paredes,1.0,,,,,,,,,,,,,,,,,,,,,,,,300.72,
4,https://www.remax.com.py/es-py/propiedades/terreno/venta/vista-alegre/luis-de-bolanos-entre-araucanos-y-aztecas-luis-de-bolanos-entre-araucanos-y-aztecas/143098041-1,Terreno,,"240,000 USD","Venta de Terreno - Excelente Oportunidad de InversiÃ³n en Vista Alegre
Zona: Vista Alegre
Ideal para Desarrollo Comercial:
Potencial de ConstrucciÃ³n: Hasta 10 pisos
Plan Regulador: AR3B
Dimensiones del Terreno:
- Frente: 17,32 m
- Costado Norte: 51,30 m
- Costado Sur: 51,50 m
- Contrafrente: 17,32 m
- Superficie Total: 887 mÂ²

Este terreno es perfecto para proyectos comerciales y residenciales en una de las mejores zonas de AsunciÃ³n. Â¡No pierdas la oportunidad de invertir en este excelente predio!

UbicaciÃ³n: https://maps.app.goo.gl/3Riz5kjdQTj9Jbdw6

Â¡No pierdas esta oportunidad!",Terreno - Venta - Paraguay AsunciÃ³n Vista Alegre,,,143098041-1,22/07/2024,,Asuncion,,,Cristhian Gaona,1.0,,,,,,,,,,,,,,,,,,,,,,,,887.0,
5,https://www.remax.com.py/es-py/propiedades/departamento/venta/villa-morra/dr-morra-casi-marizcal-lopez-villa-morra-frente-al-city-bank-sobre-mcal-lopez/143036092-14,Departamento,,850 USD,"Amplio departamento para uso comercial, ideal para oficina.
En el corazon de Villa Morra en frente al City Bank sobre Mcal Lopez. casi Dr. Morra, se encuentra en el 1er piso con acceso independiente.
El departamente tiene 2 acceso. Acceso principal va al area social y el acceso a la cocina.
Estar comedor con ventana a Dr. Morra
BaÃ±o social
3 habitaciones con placares y aire acondicionado
BaÃ±o Familiar
cocina con area de desayunador, baÃ±o y lavadero
El departamento se alquila con los muebles que se ven en las fotos.",Departamento - Venta - Paraguay AsunciÃ³n Villa Morra,2.0,3.0,143036092-14,22/07/2024,,Asuncion,,,Soledad Balbuena,1.0,,,,,,,,,,,,,,,,,,,,,,,,104.0,
6,https://www.remax.com.py/es-py/propiedades/departamento/venta/las-mercedes/avenida-peru-av-peru-y-espana/143068088-17,Departamento,,"120,000 USD","*VENDO HERMOSO DEPARTAMENTO EDIFICIO PRIMAVERA*

UbicaciÃ³n: Av. PerÃº entre EspaÃ±a y Juan de Salazar, Barrio Las Mercedes, frente a la Embajada Argentina, a media cuadra del edificio ItaipÃº y al lado del Banco Solar.

*Detalles del Departamento:*
- Piso 7
- 2 habitaciones con placares, una de ellas en suite
- Amplia sala comedor con baÃ±o social
- Cocina con muebles Achon
- Lavadero
- Ãrea de servicio con baÃ±o
- Cochera y baulera

*Servicios y Amenidades:*
- Guardia 24 horas
- 3 ascensores
- Planta baja con sala de reuniones y pequeÃ±o gimnasio
- Terraza en el piso 10 con piscina, parrilla y salÃ³n para eventos",Departamento - Venta - Paraguay AsunciÃ³n Las Mercedes,1.0,2.0,143068088-17,22/07/2024,,Asuncion,,,Alexandra Villamayor,1.0,,,,,,,,,,,,,,,,,,,,,,,,112.0,
7,https://www.remax.com.py/es-py/propiedades/casa/venta/ciudad-nueva/143095019-1,Casa,,1800000000 GS,"Vendo amplia residencia de 2 plantas en ciudad nueva - AsunciÃ³n:

Descubre el hogar ideal en el barrio Ciudad Nueva, AsunciÃ³n. Esta encantadora residencia de dos plantas combina a la perfecciÃ³n la comodidad con el encanto histÃ³rico de la zona. Con amplios espacios llenos de luz natural, una cocina amoblada, cada detalle de esta casa estÃ¡ pensado para ofrecer un estilo de vida Ãºnico. Disfruta de la tranquilidad del barrio y la conveniencia de estar cerca de las principales comercios, estaciones de servicios, biggie, colegios, universidades, farmacias, iglesias, hospitales.
La casa puede ser utilizada para oficinas corporativas.

- La Casa Cuenta con:
PB:
* Hall Principal
* Sala principal
* Cocina Comedor diario
* Comedor Social
* BaÃ±o Social
*2 habitaciones con baÃ±o
* dos oficinas, una con baÃ±o
* Garage para 4 vehÃ­culos

PA:
* 3 domitorios, 2 en suite
* Hall
* lavadero
* Ãrea de servicio con baÃ±o
* Terraza
* BalcÃ³n

INVERSIÃ“N: Gs. 1.800.000.000

Obs. Cuenta con sistema de alarma Protek

UbicaciÃ³n: https://maps.google.com/maps?q=-25.298133850097656%2C-57.61368942260742&z=17&hl=es",Casa - Venta - Paraguay AsunciÃ³n Ciudad Nueva,7.0,8.0,143095019-1,22/07/2024,,Asuncion,,,AramÃ­ Ramirez,1.0,,,,,,,,,,,,,,,,,,,,,,,,670.0,
8,https://www.remax.com.py/es-py/propiedades/departamento/venta/ycua-sati/lillio-esq-bernardino-caballero/143063080-79,Departamento,,"185,000 USD","Oportunidad de inversiÃ³n en el nuevo edificio CIVIS ALPHA, departamento de 2 dormitorios y 2 cocheras

Ubicado a solo 5 minutos del Paseo la Galeria, este edificio reciÃ©n estrenado, es ideal tanto para el residente final como para el cliente inversor por su alta ocupaciÃ³n y demanda.

Precio 185.000 USD

El departamento se encuentra en el piso 10i:
Cochera en (NÂ° 65 y 66)
99 m2 propios de departamento
Cocina amoblada, incluye anafe y purificador y desayunador
Ãrea de lavado
Comedor
Sala
BalcÃ³n amplio, con parrilla
Master suite con salida al balcÃ³n, con placares.
HabitaciÃ³n secundaria, amplia, con placares
BaÃ±o secundario/social.

El edificio cuenta con los siguientes amenities:
Porteria 24 hs, hermoso lobby
Estacionamiento de cortesia
2 salones climatizados con parrilla y living
Terraza de yoga
Gimnasio
Terraza con hidromasaje
Piscina con solarium
Area kids

UbicaciÃ³n: https://maps.app.goo.gl/k4nYoJkoS2ZcVpRLA",Departamento - Venta - Paraguay AsunciÃ³n YcuÃ¡ SatÃ­,2.0,2.0,143063080-79,22/07/2024,,Asuncion,,,Paloma Heyn,1.0,,,,,,,,,,,,,,,,,,,,,,,,125.0,
9,https://www.remax.com.py/es-py/propiedades/departamento/venta/ycua-sati/143056033-92,Departamento,,"172,200 USD","VivÃ­ en las alturas y forma parte del top 4 de los rascacielos mÃ¡s alto de AmÃ©rica del Surâœ¨ğŸ”

ğŸ“UbicaciÃ³n privilegiada: Avda. Santa Teresa.

ğŸ¬Resort Living: Lujo y confort en cada detalle.
2 Dormitorios
65m2
Cochera techada
Baulera XL

DistribuciÃ³n:
* 2 habitaciones (1 en suite)
* 1 BaÃ±o social
* Sala de estar
* Cocina/Comedor

ğ—”ğ—ºğ—²ğ—»ğ—¶ğ˜ğ—¶ğ—²ğ˜€:

Spazio Aurum:
* Gym
* â Piscina panoramica
* Salon de Juegos
* Quinchos privados
* Sky garden
* Lavadero

Spazio Platinum:
* Pool Park
* Playground
* Quincho Privado
* Biblioteca Kids
* Sala de Estudios
* Sala Maternal
* Lavadero

Spazio Diamond:
* Spa exclusivo en nivel 62

INVERSION: USD. 172.200",Departamento - Venta - Paraguay AsunciÃ³n YcuÃ¡ SatÃ­,2.0,2.0,143056033-92,22/07/2024,,Asuncion,,,Micaela Jovanovich,1.0,,,,,,,,,,,,,,,,,,,,,,,,65.0,
10,https://www.remax.com.py/es-py/propiedades/departamento/venta/ycua-sati/143056033-90,Departamento,,"151,700 USD","VivÃ­ en las alturas y forma parte del top 4 de los rascacielos mÃ¡s alto de AmÃ©rica del Surâœ¨ğŸ”

ğŸ“UbicaciÃ³n privilegiada: Avda. Santa Teresa.

ğŸ¬Resort Living: Lujo y confort en cada detalle.
2 Dormitorios
61m2
Cochera techada

DistribuciÃ³n:
* 2 habitaciones (1 en suite)
* 1 BaÃ±o social
* Sala de estar
* Cocina/Comedor

ğ—”ğ—ºğ—²ğ—»ğ—¶ğ˜ğ—¶ğ—²ğ˜€:

Spazio Aurum:
* Gym
* â Piscina panoramica
* Salon de Juegos
* Quinchos privados
* Sky garden
* Lavadero

Spazio Platinum:
* Pool Park
* Playground
* Quincho Privado
* Biblioteca Kids
* Sala de Estudios
* Sala Maternal
* Lavadero

Spazio Diamond:
* Spa exclusivo en nivel 62

INVERSION: USD. 151.700.",Departamento - Venta - Paraguay AsunciÃ³n YcuÃ¡ SatÃ­,2.0,2.0,143056033-90,22/07/2024,,Asuncion,,,Micaela Jovanovich,1.0,,,,,,,,,,,,,,,,,,,,,,,,61.0,
11,https://www.remax.com.py/es-py/propiedades/departamento/venta/las-lomas-carmelitas/narciso-r-colman-c-prof-emiliano-gomez-rios-torre-narciso/143075119-154,Departamento,,"91,612 USD","SÃ© parte del crecimiento de Las Lomas.

Torre Narciso llega para marcar presencia, tendencia y vanguardia en uno de los puntos con mayor crecimiento de la ciudad. Siendo ideal para vivir y trabajar sin tener que trasladarse por su cercanÃ­a al nuevo eje corporativo y financiero.

AdemÃ¡s de la privilegiada ubicaciÃ³n esta torre de 7 niveles ofrece:
Piscina.
Gimnasio.
Quincho climatizado.
Sala de reuniones.

Contamos con 5 tipologÃ­as diferentes de 1 dormitorio dÃ¡ndote la posibilidad de elegir la opciÃ³n que mÃ¡s se adecue a tus necesidades.

""A"": 50,9 m2
""B"": 49,52 m2
""C"": 52,51 m2
""D"": 46,08 m2
""E"": 48,31 m2

Todas las unidades cuentan con:
Sala, cocina, comedor integrados.
BalcÃ³n privado con parrilla.
1 HabitaciÃ³n.
1 BaÃ±o.

Plan de FinanciaciÃ³n:
Entrega del 20%.
Cuotas de 2.000 usd durante obra.
CancelaciÃ³n contra entrega de la unidad.

Cocheras: 15.000 usd.

ContactÃ¡ con tu agente RE/MAX de confianza.

UbicaciÃ³n: https://maps.app.goo.gl/EiyDuZ2ZKv2yzcep6",Departamento - Venta - Paraguay AsunciÃ³n Las Lomas (Carmelitas),1.0,1.0,143075119-154,22/07/2024,,Asuncion,,,Elvira Rulli,1.0,,,,,,,,,,,,,,,,,,,,,,,,50.09,
12,https://www.remax.com.py/es-py/propiedades/departamento/venta/las-lomas-carmelitas/narciso-r-colman-c-prof-emiliano-gomez-rios-torre-narciso/143075119-153,Departamento,,"87,552 USD","SÃ© parte del crecimiento de Las Lomas.

Torre Narciso llega para marcar presencia, tendencia y vanguardia en uno de los puntos con mayor crecimiento de la ciudad. Siendo ideal para vivir y trabajar sin tener que trasladarse por su cercanÃ­a al nuevo eje corporativo y financiero.

AdemÃ¡s de la privilegiada ubicaciÃ³n esta torre de 7 niveles ofrece:
Piscina.
Gimnasio.
Quincho climatizado.
Sala de reuniones.

Contamos con 5 tipologÃ­as diferentes de 1 dormitorio dÃ¡ndote la posibilidad de elegir la opciÃ³n que mÃ¡s se adecue a tus necesidades.

""A"": 50,9 m2
""B"": 49,52 m2
""C"": 52,51 m2
""D"": 46,08 m2
""E"": 48,31 m2

Todas las unidades cuentan con:
Sala, cocina, comedor integrados.
BalcÃ³n privado con parrilla.
1 HabitaciÃ³n.
1 BaÃ±o.

Plan de FinanciaciÃ³n:
Entrega del 20%.
Cuotas de 2.000 usd durante obra.
CancelaciÃ³n contra entrega de la unidad.

Cocheras: 15.000 usd.

ContactÃ¡ con tu agente RE/MAX de confianza.

UbicaciÃ³n: https://maps.app.goo.gl/EiyDuZ2ZKv2yzcep6",Departamento - Venta - Paraguay AsunciÃ³n Las Lomas (Carmelitas),1.0,1.0,143075119-153,22/07/2024,,Asuncion,,,Elvira Rulli,1.0,,,,,,,,,,,,,,,,,,,,,,,,46.08,
13,https://www.remax.com.py/es-py/propiedades/edificio/venta/salvador-del-mundo/143026171-12,Edificio,,"89,442 USD","En Venta Oficina Corporativa en el Edificio Trading Park ubicado sobre la Avda. Aviadores del Chaco zona del eje corporativo de AsunciÃ³n.

Oficina Posterior Nro.2105
Piso 20
41m2 Propios
Total 41+9 = 50m2
Precio 89.442 USD MÃ¡s IVA
Garage 18.500 USD MÃ¡s IVA

DescripciÃ³n del edificio:
Trading Park fue concebido como una propuesta que reÃºne las caracterÃ­sticas y ventajas de un centro de negocios de alto nivel y una arquitectura de vanguardia que harÃ¡ uso de los mÃ¡s altos estÃ¡ndares de calidad y tecnologÃ­a.
A esto se suman las ventajas de su ubicaci6n, lo que lo convierte en el centro de negocios mÃ¡s atractivo de AsunciÃ³n.

La torre cuenta con un hall de acceso con un diseÃ±o y equipamiento de vanguardia, con fina terminaciÃ³n y como la seguridad es un factor importante en el mundo de hoy se desarrolla un completo sistema, con cÃ¡maras digitales y control de acceso.

El complejo de 9800 m2 se compone de dos edificios, uno destinado a oficinas y uno a garajes. La torre de 22 pisos y 6500 m2 cuenta con oficinas desde 39m2 hasta oficinas de pisos exclusivos. En el piso 22 se ubica el Auditorio; una sala de uso mÃºltiple para 100 personas.
El edificio de garaje de 3000 m2 alberga 99 cÃ³modas cocheras en 7 niveles.

Cuenta con una plaza abierta de 560 m2.
â€¢     UbicaciÃ³n estratÃ©gica en el nuevo centro financiero y comercial
â€¢     FÃ¡cil acceso desde cualquier parte de la ciudad
â€¢     DiseÃ±o arquitectÃ³nico de alta calidad
â€¢     Vistas panorÃ¡micas de la ciudad
â€¢     La posibilidad de diseÃ±ar su oficina con la mayor flexibilidad funcional
â€¢     Sistema de seguridad de vanguardia


Amenities
â€¢     Kichenette
â€¢     BaÃ±o equipado
â€¢     Aire Split independiente
â€¢     Cortinas Roller a control remoto
â€¢     Sensor de humo
â€¢     Cerraduras ElectrÃ³nicas digital administrada a travÃ©s de una APP


PRECIO 89.442 USD, OFICINA CON 41 MTS
CON SISTEMA FINANCIERA PROPIA
IVA DEL 1,5%",Edificio - Venta - Paraguay AsunciÃ³n Salvador del Mundo,,,143026171-12,22/07/2024,,Asuncion,,,LucÃ­a Prieto,1.0,,,,,,,,,,,,,,,,,,,,,,,,41.0,
14,https://www.remax.com.py/es-py/propiedades/terreno/venta/san-pablo/veteranos-del-70-veteranos-del-70-entre-epifanio-mendez-y-aztecas/143061061-59,Terreno,,"135,000 USD","Aprovecha esta imperdible oportunidad de adquirir este terreno estratÃ©gico, ubicado en el Barrio San Pablo de AsunciÃ³n. Ideal para inversiÃ³n en el rubro gastronÃ³mico, de salud o inmobiliario.
El terreno se encuentra ubicado sobre la calle Veteranos del 70, a cuadras de la Avda. Eusebio Ayala y de la Avda. La Victoria, a pasos del Shopping Multiplaza, Luisito, Hospital San Pablo, y varios
comercios gastronÃ³micos.

ï¸Superficie total: 504 m2
Su frente y contrafrente tiene 12 mts y sus dos fondos 42 mts
InversiÃ³n: USD 135.000

Aproveche esta oportunidad de InversiÃ³n. Contacte con su agente RE/MAX de Confianza",Terreno - Venta - Paraguay AsunciÃ³n San Pablo,,,143061061-59,22/07/2024,,Asuncion,,,Lorena Gamarra,1.0,,,,,,,,,,,,,,,,,,,,,,,,504.0,
15,https://www.remax.com.py/es-py/propiedades/casa/venta/mariscal-estigarribia/av-dr-guido-boggiani-av-guido-boggiani/143036103-2,Casa,,"1,200,000 USD","ğŸ¡âœ¨ Â¡Propiedad en venta en Avenida Guido Boggiani! ğŸŒŸ

La propiedad se encuentra situada en una ubicaciÃ³n privilegiada, justo sobre la avenida Boggiani excelente zona con vÃ­as de acceso concurrentes, lo que proporciona una excelente visibilidad y accesibilidad, abarcando un Ã¡rea de 692 m2. Esta amplitud ofrece numerosas posibilidades para el desarrollo de proyectos inmobiliarios, ya que su regulaciÃ³n es Eje Habitacional

AdemÃ¡s de su ubicaciÃ³n y tamaÃ±o, La propiedad se encuentra en una zona de prestigio.

La propiedad se encuentra alquilada actualmente en un valor de Gs 25. 000.000.00 generando esto un margen de rentabilidad del 4.8% a la inversiÃ³n.

ğŸ  CaracterÃ­sticas de la propiedad:

Superficie total: 692 mÂ² ğŸ“
Superficie construida: 652 mÂ² ğŸ—ï¸
Niveles: 3 ğŸ¢
Piscina: ğŸŠâ€â™‚ï¸ğŸŒŠ
Cascada al ingresar a la propiedad.

Una oportunidad Ãºnica para adquirir una hermosa casa con amplios espacios y un diseÃ±o espectacular.
Al ingresar, serÃ¡s recibido por una hermosa cascada que aporta un toque de elegancia y tranquilidad.

Amplios espacios en la propiedad lo que brinda versatilidad para adaptarte como mejor te guste.

Precio: USD 1.200.000

AdemÃ¡s, podemos ofrecer una facilidad de pago, el valor del 50% de la propiedad como pago de contado y el saldo del 50% se puede dividir en tres pagos iguales durante un aÃ±o.

UbicaciÃ³n: https://www.google.com/maps/place/25%C2%B018'01.7%22S+57%C2%B034'02.1%22W/@-25.3004818,-57.5698166,17z/data=!3m1!4b1!4m4!3m3!8m2!3d-25.3004818!4d-57.5672417?hl=es&entry=ttu




Â¡No te pierdas esta increÃ­ble propiedad! ğŸŒŸğŸ”‘",Casa - Venta - Paraguay AsunciÃ³n Mariscal Estigarribia,6.0,10.0,143036103-2,22/07/2024,,Asuncion,,,Martha Manrique,1.0,,,,,,,,,,,,,,,,,,,,,,,,692.0,
16,https://www.remax.com.py/es-py/propiedades/residencia/venta/san-rafael/1154-estrella-estrella-1154/143028010-113,Residencia,,"290,000 USD","*EN VENTA RESIDENCIA ESTILO COLONIAL DE 5 DORMITORIOS EN el Barrio SAN RAFAEL*

ğŸ“Ubicado en el barrio San Rafael, en la calle Estrella N.Âº 1154 c/ 29 de septiembre, a 1 cdra. y media de avenida de Avda. Gral. Santos y 4cdras. de Bruno Guggiari.

Son 3 lotes de 360 mÂ² cada uno que forman un terreno de 1.080 mÂ².

La casa es de estilo colonial y cuenta con 2 plantas divididas de la siguiente manera:

*Planta baja:*
- Living
- Living/Comedor social
- Comedor privado
- Estudio
- BaÃ±o Social
- Despensa
- Ãrea de servicio (Lavadero/dormitorio/baÃ±o/tendedero y 1 depÃ³sito)
- Quincho, con dormitorio y baÃ±o
- Piscina
- Amplio patio

*Planta Alta:*
- 2 Dormitorios en suite
- 2 Dormitorios que comparten baÃ±o

ğŸ“Superficie de Terreno: 1.080 mÂ²
ğŸ“Superficie de ConstrucciÃ³n: 415 mÂ²

ğŸ“UbicaciÃ³n: [Google Maps](https://goo.gl/maps/pxMhnw5eSkJxUJZ68)

ğŸ’°*Precio : USD 290.000*

---

*Hashtags sugeridos:*
#VentaCasa #SanRafael #NuevaCasa #CasaEnVenta #Inmuebles #BienesRaÃ­ces #Paraguay #OportunidadÃšnica #HogarDulceHogar #Piscina #Quincho #CasaGrande #PrecioReducido",Residencia - Venta - Paraguay AsunciÃ³n San Rafael,5.0,4.0,143028010-113,22/07/2024,,Asuncion,,,Carla Morinigo,1.0,,,,,,,,,,,,,,,,,,,,,,,,"1,080",
17,https://www.remax.com.py/es-py/propiedades/terreno/venta/nazareth/rca-argentina-e-caaguazu-y-cacique-tabapy-frente-a-la-terminal-de-omnibus/143010040-259,Terreno,,"250,000 USD","En venta amplia propiedad de 750 m2 de terreno y construcciÃ³n de 400 m2, distribuidos de la Sgte. Manera:
SalÃ³n Comercial 1: Superficie de 108 m2 (9x12) con baÃ±o privado y estacionamiento frontal para dos vehÃ­culos
SalÃ³n Comercial 2: Superficie de 60 m2 (5x12) con baÃ±o privado y estacionamiento frontal para 2 vehÃ­culos
Departamento en planta alta: dos habitaciones, un baÃ±o con jacuzzi, sala, cocina y comedor integrados, balcÃ³n sobre Rca. argentina.
Casa en planta baja: 3 habitaciones, un baÃ±o, sala, cocina , deposito, quincho y amplio patio.

La propiedad se encuentra en un lugar altamente comercial, frente a la terminal de Ã“mnibus de AsunciÃ³n , a escasos metros de la transitada Av. Fernando de la Mora, con varios comercios importantes en las zonas. Ideal para uso comercial . La propiedad se encuentra totalmente alquilada, tanto los salones comerciales como los departamentos.

Plan Regulador de AsunciÃ³n
* Franja Mixta 3
* Coeficiente de edificabilidad: 8
* Tasa de OcupaciÃ³n: 75%
* Edificabilidad MÃ¡xima. 5.600 m2
* Altura MÃ¡xima: 11 pisos


https://maps.app.goo.gl/4E2C55bxsKT2nN4D7

Para mayor informaciÃ³n contÃ¡ctame al",Terreno - Venta - Paraguay AsunciÃ³n Nazareth,,,143010040-259,22/07/2024,,Asuncion,,,Silvia Feliciangeli,,,,,,,,,,,,,,,,,,,,,,,,,750,
18,https://www.remax.com.py/es-py/propiedades/departamento/venta/villa-morra/dr-morra-e-avda-espana-y-hector-vera-dr-morra-e-avda-espana-y-hector-vera/143014116-296,Departamento,,"74,200 USD","ğŸ’¯ğ—œğ—¡ğ—©ğ—˜ğ—¥ğ—§ğ—œğ—¥ ğ—˜ğ—¡ ğ—”ğ—œğ—¥ğ—•ğ—¡ğ—• ğ—¦ğ—œğ—šğ—¨ğ—˜ ğ—¦ğ—œğ—˜ğ—¡ğ——ğ—¢ ğ—Ÿğ—¢ ğ— ğ—”Ìğ—¦ ğ—¥ğ—˜ğ—¡ğ—§ğ—”ğ—•ğ—Ÿğ—˜ ğ—˜ğ—¡ ğ—”ğ—¦ğ—¨ğ—¡ğ—–ğ—œğ—¢Ìğ—¡

ğŸ” ğ—¢ğ—£ğ—§ğ—”Ì ğ—£ğ—¢ğ—¥ ğ—Ÿğ—” ğ—­ğ—¢ğ—¡ğ—” ğ— ğ—”Ìğ—¦ ğ—”ğ—–ğ—§ğ—œğ—©ğ—” ğ—¬ ğ——ğ—˜ğ— ğ—”ğ—¡ğ——ğ—”ğ——ğ—”: ğ—©ğ—œğ—Ÿğ—Ÿğ—” ğ— ğ—¢ğ—¥ğ—¥ğ—”

ğ—¥ğ—˜ğ—¡ğ—§ğ—”ğ—•ğ—œğ—Ÿğ—œğ——ğ—”ğ—— ğ——ğ—˜ğ—¦ğ——ğ—˜ ğ—˜ğ—Ÿ ğŸ­ğŸ®%, ğ—”ğ—Ÿğ—§ğ—” ğ—§ğ—”ğ—¦ğ—” ğ——ğ—˜ ğ—¢ğ—–ğ—¨ğ—£ğ—”ğ—–ğ—œğ—¢Ìğ—¡, ğ—£ğ—¥ğ—˜ğ—–ğ—œğ—¢ğ—¦ ğ—˜ğ—¡ ğ—Ÿğ—” ğ—­ğ—¢ğ—¡ğ—” ğ——ğ—˜ğ—¦ğ——ğ—˜ ğŸ²ğŸ¬$ ğ—£ğ—¢ğ—¥ ğ——ğ—£ğ—§ğ—¢ğ—¦. ğ——ğ—˜ ğŸ® ğ——ğ—¢ğ—¥ğ— ğ—œğ—§ğ—¢ğ—¥ğ—œğ—¢ğ—¦.

âœ¨ğ—§ğ—›ğ—˜ ğ—¦ğ—§ğ—”ğ—§ğ—œğ—¢ğ—¡ ğ— ğ—¢ğ—¥ğ—¥ğ—” EstÃ¡ preparado para alquileres temporales, acceso digital programado, servicio ""ğ—¦ğ—§ğ—¥ğ—˜ğ—¦ğ—¦ ğ—™ğ—¥ğ—˜ğ—˜"" (administraciÃ³n), equipamiento e instalaciones especÃ­ficos para ese tipo de estadÃ­a.
âœ¨A UNA CUADRA DEL PASEO CARMELITAS Y A 400 METROS DEL CENTRO FINANCIERO, SHOPPING DEL SOL, LA GALERIÌA, WTC.
ğ—¬ ğ—Ÿğ—¢ ğ— ğ—”Ìğ—¦ ğ—œğ— ğ—£ğ—¢ğ—¥ğ—§ğ—”ğ—¡ğ—§ğ—˜,,,,,, ğ—¦ğ—˜ ğ—˜ğ—¡ğ—§ğ—¥ğ—˜ğ—šğ—” ğ—˜ğ—¦ğ—§ğ—˜ ğ—”Ã‘ğ—¢ ğŸ®ğŸ¬ğŸ®ğŸ°!

ğŸ“ğ—¨ğ—¯ğ—¶ğ—°ğ—®ğ—°ğ—¶ğ—¼Ìğ—»: https://maps.app.goo.gl/wbCtaxj1vKDZiUzT6
ğŸ’°ğ— ğ—¼ğ—»ğ˜ğ—¼ ğ—±ğ—² ğ—¹ğ—® ğ—¶ğ—»ğ˜ƒğ—²ğ—¿ğ˜€ğ—¶ğ—¼Ìğ—» ğ—® ğ—½ğ—®ğ—¿ğ˜ğ—¶ğ—¿ ğ—±ğ—²: USD. 74.200
ğŸ“† ğ—˜ğ—»ğ˜ğ—¿ğ—²ğ—´ğ—®: Diciembre 2024",Departamento - Venta - Paraguay AsunciÃ³n Villa Morra,1.0,1.0,143014116-296,22/07/2024,,Asuncion,,,Ana Karina Garcia,,,,,,,,,,,,,,,,,,,,,,,,,41,
19,https://www.remax.com.py/es-py/propiedades/departamento/venta/san-jorge/obispo-basilio-lopez-obispo-basilio-lopez/143063031-219,Departamento,,"37,674 USD","Vendo luminoso monoambiente, en uno de los mejores barrios de Asuncion, el barrio San Jorge, a solo 5 minutos del shopping del Sol, eje corporativos y mejores restaurantes.

El edificio Nest Linving, se caracteriza por tener el mejor precio por m2 de la zona, calidad de terminaciones finas y el respaldo de la Desarrolladora Avanza.

Distribucion:
-Monoambiente de 28 m2
-Incluye muebles de cocina, mesada de granito, anafe, purificador y horno

Amenities
-Sala de reuniones
-Gym equipado
-Salon gourmet
-Area de parrilla
-Terere Lounge
-Pisicina con solarium

Ubicacion: https://maps.app.goo.gl/eTBKWqZWHABdQq3t6",Departamento - Venta - Paraguay AsunciÃ³n San Jorge,1.0,1.0,143063031-219,22/07/2024,,Asuncion,,,Antonella Narvaja,,,,,,,,,,,,,,,,,,,,,,,,,28,
20,https://www.remax.com.py/es-py/propiedades/terreno/venta/san-lorenzo/143009106-124,Terreno,,490000000 GS,"VENDO TERRENO EN SAN LORENZO CENTRO
VENDO HERMOSA Y AMPLIA PROPIEDAD ,EN SAN LORENZO CENTRO,,REALMENTE UN LUGAR MUY PRIVILEGIADO,, A MTS DEL CCPA
A METROS DEL ,COLEGIO Y FACULTAD DE SAN SEBASTIAN
CERCA DE PASEOS,BANCOS,SUPERMERCADOS FARMACIA,CON FÃCIL ACCESO ,A DIFERENTES PUNTOS DR LAS 2 RUTAS .1 Y 2 CALLE TOTALMENTE ASFALTADA",Terreno - Venta - Paraguay Central San Lorenzo,,,143009106-124,29/07/2024,,Sanlo,,,Carmen Toledo,1.0,1.0,,,,,,,,,,,,,,,,,,,,,,,430,
21,https://www.remax.com.py/es-py/propiedades/local-comercial/venta/san-lorenzo/143075120-126,Local Comercial,,"298,000 USD","LOCAL COMERCIAL Y RESIDENCIAL EN ESQUINA - SAN LORENZO,BARCEQUILLO
RENTA ACTIVA DEL 7%

La misma esta Ubicada sobre la calle asfaltada Rafael Materi esq. Kefren

Cuenta con:
â™¦ï¸Un local comercial alquilado a Punto Farma, con autofarma y estacionamientos propios
â™¦ï¸En la planta alta 4 departamentos, cada uno con estacionamiento propio

â™¦ï¸DescripciÃ³n :
Planta Baja
Local comercial de 210 mts2 con oficina y baÃ±o
Estacionamiento con modalidad auto farma
Estacionamiento frontal para clientes de la Farmacia
5 Estacionamientos exclusivos para inquilinos de los departamentos
1 dpto tipo monoambiente

Planta Alta

3 Departamentos de 1 dormitorio
1 Departamento de 2 dormitorios
Azotea
Amplio terraza con quincho y parrilla
BaÃ±o

ğŸ“DimensiÃ³n:
Super. Terreno Total: 433 mts2
total construido: 544 mts2

InversiÃ³n :USD 298.000

https://maps.app.goo.gl/x1ybjwYZVDEnZdoTA

Excelente RETORNO!",Local Comercial - Venta - Paraguay Central San Lorenzo,,,143075120-126,29/07/2024,,Sanlo,,,Mabel Perez,1.0,,,,,,,,,,,,,,,,,,,,,,,,977,
22,https://www.remax.com.py/es-py/propiedades/terreno/venta/san-lorenzo/saturios-rios-esquina-defensores-del-chaco-saturios-rios-esquina-defensores-del-chaco/143063068-86,Terreno,,"335,000 USD","VENDO PROPIEDAD EN ESQUINA - CENTRO SAN LORENZO

Ubicado sobre la calle Saturios Rios esquina Defensores del Chaco.

La propiedad cuenta con 14 metros sobre la calle Defensores y 30 metros sobre la calle Saturios Rios (Avenidas muy transcitadas)

Superficie de Terreno 500 m2

https://maps.app.goo.gl/i1zbcydJCEJwmtFH8?g_st=iw

Ideal para Oficinas, Negocios, salones comerciales, Edificios, Estaciones de Servicios",Terreno - Venta - Paraguay Central San Lorenzo,,,143063068-86,29/07/2024,,Sanlo,,,Paola RodrÃ­guez,1.0,,,,,,,,,,,,,,,,,,,,,,,,500,
23,https://www.remax.com.py/es-py/propiedades/terreno/venta/san-lorenzo/juan-leopardi-casi-policarpo-canete-juan-leopardi-casi-policarpo-canete/143036064-112,Terreno,,550000000 GS,"Interesante propiedad, ubicada sobre la calle Juan Leopardi casi Policarpo CaÃ±ete, San Lorenzo - Barcequillo.

Tener en cuenta el gran flujo vehicular sobre la avenida, ideal para cualquier tipo de emprendimiento comercial.

Se encuentra en frente de la estaciÃ³n de servicio Energy.
A 3 minutos de Avelino MartÃ­nez.
A 5 minutos de la Ruta 2.

Dimensiones del lote:

(12,20 x 30) = 365m2

Cuenta con una construcciÃ³n a demoler.

InversiÃ³n: Gs. 550.000.000
TitulaciÃ³n en tramites.

Link de la ubicaciÃ³n:
https://maps.app.goo.gl/TgW8Rgbq1vLJNCdj7",Terreno - Venta - Paraguay Central San Lorenzo,,,143036064-112,29/07/2024,,Sanlo,,,Amanda Ayala,1.0,,,,,,,,,,,,,,,,,,,,,,,,365,
24,https://www.remax.com.py/es-py/propiedades/terreno/venta/san-lorenzo/1205-avda-avelino-martinez-avda-avelino-martine/143020086-14,Terreno,,940000000 GS,"ECXELENTE OPORTUNIDAD DE INVERSION
La propiedad se encuentra ubicada sobre la avenida Avelino MartÃ­nez , ideal para todo tipo de desarrollos.
Cercano a colegios supermercados farmacias en la cercanÃ­as se encuentran todo tipos de comercios, servicios de transporte y todos los servicios bÃ¡sicos
El terreno cuenta con 815 m2 es apta para crÃ©dito bancario.",Terreno - Venta - Paraguay Central San Lorenzo,1.0,1.0,143020086-14,29/07/2024,,Sanlo,,,David Hermosilla,1.0,,,,,,,,,,,,,,,,,,,,,,,,815,
25,https://www.remax.com.py/es-py/propiedades/casa/venta/san-lorenzo/281-amambay/143001151-8,Casa,,955000000 GS,"ğŸ¡ Descubre esta magnÃ­fica propiedad en el Barrio Mita'Ã­ de Reducto, San Lorenzo ğŸ¡

Bienvenido a una oportunidad Ãºnica de adquirir una impresionante propiedad en una de las zonas mÃ¡s importantes de San Lorenzo. Ubicada en el encantador Barrio Mita'Ã­ de Reducto, esta propiedad se compone de 4 lotes (NÂ° 5, 6, 7 y 8, MANZANA XXXII), abarcando una superficie total de 1.692 mÂ². ğŸï¸

Detalles de los lotes:

Lote 5: 483 mÂ²
Lote 6: 390 mÂ²
Lote 7: 390 mÂ²
Lote 8: 429 mÂ²
(No se venden lotes por separado)

ğŸ”¹ CaracterÃ­sticas de la propiedad:

ğŸ›ï¸ 4 Amplias habitaciones, perfectas para acomodar a toda la familia con comodidad.
ğŸš½ 2 BaÃ±os completos y funcionales.
ğŸ½ï¸ Cocina amoblada, diseÃ±ada para inspirar a los amantes de la cocina.
ğŸ›‹ï¸ Amplio salÃ³n, ideal para recibir a tus invitados y disfrutar de momentos inolvidables.
ğŸŒ¿ Hermoso y amplio jardÃ­n, decorado con una variedad de plantas y Ã¡rboles, creando un oasis de tranquilidad y belleza natural. ğŸŒ³ğŸŒ¸
La propiedad estÃ¡ estratÃ©gicamente ubicada en una esquina sobre una calle asfaltada de fÃ¡cil acceso, ofreciendo salidas rÃ¡pidas a las principales vÃ­as de la ciudad. ğŸš—

CercanÃ­as:
Tiendas y comercios ğŸ›ï¸
Colegios ğŸ«
EstaciÃ³n de servicio â›½
Supermercados ğŸ›’
Plazas ğŸŒ³
Puestos de salud ğŸ¥
Esta casa ofrece una combinaciÃ³n perfecta de comodidad y tranquilidad en un entorno seguro, haciendo de ella el hogar ideal para ti y tu familia. ğŸ¡

ğŸ’¼ Oportunidad para inversionistas:
Esta propiedad cuenta con un enorme potencial para desarrollar proyectos como departamentos, dÃºplex, casa quinta, empresas y/o fÃ¡bricas, gracias a su excelente ubicaciÃ³n y generosas dimensiones. ğŸ“ˆğŸ¢

ğŸ’° InversiÃ³n: Gs. 955.000.000.-

ğŸ“ UbicaciÃ³n: https://maps.app.goo.gl/dPcPgwhs1vZGBi2k7

ğŸ“ Para mÃ¡s informaciÃ³n o para programar una visita, contacta con tu agente REMAX.",Casa - Venta - Paraguay Central San Lorenzo,2.0,4.0,143001151-8,29/07/2024,,Sanlo,,,MarÃ­a Carolina Melgarejo,1.0,,,,,,,,,,,,,,,,,,,,,,,,"2,088",
26,https://www.remax.com.py/es-py/propiedades/terreno/venta/san-lorenzo/alheli-esqsegunda-barrio-barcequillo/143098036-8,Terreno,,280000000 GS,"Esta propiedad en venta se encuentra situada en San Lorenzo
A tan solo 100 metros de Avelino MartÃ­nez. Se trata de una zona tranquila y conveniente, ideal para familias, ya que estÃ¡ a pocos pasos del supermercado Kingo, asÃ­ como de farmacias y colegios, lo que facilita el acceso a servicios esenciales.

La propiedad tiene un Ã¡rea total de 425 mÂ², lo que ofrece un amplio espacio para construir la casa de tus sueÃ±os o para desarrollar un proyecto inmobiliario.

El precio es de 280.000.000 guaranÃ­es, lo que representa una buena oportunidad para quienes buscan invertir en una ubicaciÃ³n estratÃ©gica en San Lorenzo. Si deseas mÃ¡s informaciÃ³n o realizar una visita, no dudes en preguntar.
UbicaciÃ³n : 25Â°21'16.6""S 57Â°32'22.1""W",Terreno - Venta - Paraguay Central San Lorenzo,,,143098036-8,29/07/2024,,Sanlo,,,Pamela Rodas,1.0,,,,,,,,,,,,,,,,,,,,,,,,425,
27,https://www.remax.com.py/es-py/propiedades/casa/venta/san-lorenzo/1ro-de-marzo-e-dr-ramon-frizzola-y-virgen-del-r-1ro-de-marzo-e-dr-ramon-frizzola-y-virgen-del-r/143081032-160,Casa,,"130,000 USD","Esta propiedad es una excelente oportunidad de inversiÃ³n, en San Lorenzo, limite con Fdo. De la Mora, Zona Norte, a pocas cuadras del Shopping Pinedo, en un barrio residencial Villa Amelia, cercano a las Avdas. Mcal. LÃ³pez, Laguna Grande, Ruta Eugenio Garay (San Lorenzo-Luque), entre otros puntos referenciales. Cuenta con todos los servicios en la zona para una mayor comodidad.

La propiedad cuenta con una superficie de terreno de 390m2, siendo 15mts de frente por 26mts de fondo. La construcciÃ³n de la propiedad cubre actualmente 10mts frontales, quedando 5mts libres para futuros proyectos de ampliaciÃ³n u otros.

La edificaciÃ³n de la casa presenta una estructura sÃ³lida, amplios espacios e iluminaciÃ³n natural, entre otros aspectos que se destacan en este inmueble.

La casa estÃ¡ distribuida de la siguiente manera;
En Planta Baja;
- Patio frontal y Garage para 2 vehÃ­culos (1 bajo techo)
- Acceso independiente desde garage
- BaÃ±o social completo
- Amplia Sala social y Comedor
- Cocina
- GalerÃ­a
- Patio trasero
- Ãrea de servicio

En Planta Alta;
- HabitaciÃ³n principal en suite con placar y balcÃ³n frontal
- 2 Habitaciones (una de ellas con placard y balcÃ³n frontal)
- BaÃ±o familiar

UbicaciÃ³n: https://maps.app.goo.gl/icUR1ZUTYmMfpkh1A",Casa - Venta - Paraguay Central San Lorenzo,2.0,3.0,143081032-160,29/07/2024,,Sanlo,,,Ezequiel GonzÃ¡lez,1.0,,,,,,,,,,,,,,,,,,,,,,,,610,
28,https://www.remax.com.py/es-py/propiedades/casa/venta/san-lorenzo/143080126-5,Casa,,730000000 GS,"Vendo Hermosa Residencia con Piscina en la Ciudad de San Lorenzo, en una zona alta, residencial, ubicada sobre la Calle Rca. Argentina casi Samu'u, a dos cuadas y media de la Calle Brasil que conecta con la Avda. Avelino MartÃ­nez y otras calles alternativas que conectan con puntos importantes de la Ciudad.

El Inmueble tiene cuenta con una construcciÃ³n total de 234 m2 distribuidos de la Sgte. manera:

* 180 m2 serÃ­a la Casa Principal con corredor y cochera
*54 m2 serÃ­a el Quincho con deposito y baÃ±o

La Casa cuenta con los sgte. distribuciÃ³n:

*Sala Comedor
*La Cocina cuenta con muebles de madera y mesadas de granito
*Un baÃ±o Social
*Dos Habitaciones
*Un BaÃ±o Familiar
*Una Habitacion en suite con vestidor
*Un Altillo para guardarropas con escalera movil
*Quincho Amoblado
*Una HabitaciÃ³n pequeÃ±a para area de servicio
*Un Deposito
*Un BaÃ±o en el Quincho
*Una Piscina con capacidad para 20.000 Lts.
*Corredor Techado para entrada de hasta Tres vehiculos bajo techo
*Patios en Frente y atras
*6 Ventiladores de Techo
*2 AA. DE 18.000BTU.
*2 AA. DE 12.000BTU.

ADPTO PARA CREDITO BANCARIO

UBICACION: https://maps.app.goo.gl/7EhnGU1VdyM5zb3e8

Agenda una visita con tu Agente Remax !",Casa - Venta - Paraguay Central San Lorenzo,4.0,4.0,143080126-5,29/07/2024,,Sanlo,,,Guillermo Lindstrom,1.0,,,,,,,,,,,,,,,,,,,,,,,,540,
29,https://www.remax.com.py/es-py/propiedades/terreno/venta/san-lorenzo/cnelcantero-ave-de-la-victoria-tape-guazu/143098036-7,Terreno,,280000000 GS,"UbicaciÃ³n: San Lorenzo, a 100 metros de la Victoria Tape GuazÃº.
Barrio Tajasuape.

Tipo de propiedad: Terreno con casa a terminar.
con 3 dormitorios,sala, 1 sanitario

- CaracterÃ­sticas del terreno:
- Medidas:30 metros de frente por 18 metros de fondo.

- Precio: 280.000.000.

UbicaciÃ³n: https://maps.app.goo.gl/ajCHeursEJBfXAnu6",Terreno - Venta - Paraguay Central San Lorenzo,,,143098036-7,29/07/2024,,Sanlo,,,Pamela Rodas,1.0,,,,,,,,,,,,,,,,,,,,,,,,576,
30,https://www.remax.com.py/es-py/propiedades/departamento/venta/san-lorenzo/143026171-17,Departamento,,"33,500 USD","UNIVERSITY PARK

ğŸ“Monoambientes situados al lado del predio de la UNA (Universidad Nacional de AsunciÃ³n), San Lorenzo.

UbicaciÃ³n: Condominio University Park
Ideal para estudiantes o profesionales que trabajan dentro de la Universidad, Hospital de ClÃ­nicas y alrededores.

â—¾ï¸CaracterÃ­sticas:
El complejo cuenta con 9 torres de 3 pisos cada una.
Cada torre con Ã¡rea de lavadero para uso comÃºn.
Guardia interno, portero, ingreso con huellas digitales, bajo costo de expensas comunes.

â—¾ï¸Precios desde U$S 34.000
Amoblamiento opcional: U$S 3.000

Â¡Â¡UNIDADES CON RENTA INMEDIATA!!

Contactame y recibÃ­ mÃ¡s informaciÃ³n:",Departamento - Venta - Paraguay Central San Lorenzo,1.0,1.0,143026171-17,29/07/2024,,Sanlo,,,LucÃ­a Prieto,1.0,,,,,,,,,,,,,,,,,,,,,,,,26,
31,https://www.remax.com.py/es-py/propiedades/departamento/venta/san-lorenzo/av-defensores-del-chaco-y-mario-meyer-av-defensores-del-chaco-y-mario-meyer/143075133-18,Departamento,,"80,000 USD","EDIFICIO TAVA DEFENSORES : SAN LORENZO

Ubicado en el corazÃ³n de San Lorenzo, a tan solo 5 cuadras de la Catedral, a 9 minutos de la Universidad Nacional de AsunciÃ³n, 5 minutos del Shopping Pinedo, una de las ubicaciones mejor conectadas con acceso rÃ¡pido a las rutas principales y a varios centros comerciales.

El edificio de 6 pisos de altura con un total de 66 departamentos de 2 dormitorios y 40 cocheras. Un proyecto pensado en la combinaciÃ³n de hacer negocios y responder a problemas sociales, una propuesta de viviendas accesibles, un proyecto con intenciÃ³n e impacto.

El edificio cuenta con:

+ 2 ascensores
+ Generadores
+ Portones automÃ¡ticos
+ Portones elÃ©ctricos en cada departamento

Todos los departamentos cuentan con:
+ Horno, Campana y anafe.
+ Muebles de cocina (muebles superiores e inferiores).
+ Placares en dormitorios.
+ Ambientes climatizados en dormitorios y living.
+ Termocalefon.
+ BalcÃ³n con parrilla, extractor elÃ©ctrico.
+ Amplios ventanales.

Departamento de 2 dormitorios, ambos con placares, cocina amoblada, sala y comedor integrado, baÃ±o familiar con termocalefÃ³n, lavadero y amplio balcÃ³n.
1 cochera incluida.


Metros propios: 68,25 m2.
Cochera: 12,82 m2
InversiÃ³n: 80.000 USD.
FinalizaciÃ³n: Marzo 2019.

DirecciÃ³n: Avda. Defensores del Chaco y Mario Meyer - San Lorenzo.
UbicaciÃ³n: https://maps.app.goo.gl/8ypo9hsCApVwnaiy6",Departamento - Venta - Paraguay Central San Lorenzo,1.0,2.0,143075133-18,29/07/2024,,Sanlo,,,JosÃ© Recalde,1.0,,,,,,,,,,,,,,,,,,,,,,,,68.25,
32,https://www.remax.com.py/es-py/propiedades/duplex/venta/san-lorenzo/ybyra-pyta-c-san-fernando-san-lorenzo-pai-nu/143068082-2,Duplex,,400000000 GS,"Ubicado a 2 cuadras de Av. MoisÃ©s Bertoni y 2 cuadras de Victor Curiel zona Capilla del Monte

Dimensiones;
ğŸ“ 5x20 (100 m2.)
ğŸ  86 m2.

Planta baja:
âœ…Cocina amoblada con anafe y extractor
âœ…Lavadero con galerÃ­a
âœ…Living/comedor integrados
âœ…BaÃ±o social
âœ…Hall
âœ…Piscina de 2x3 con motor, filtro ,iluminaciÃ³n en la piscina
âœ…Cochera para 2 vehÃ­culos
âœ…PortÃ³n basculante
âœ…Cerco elÃ©ctrico parte trasera

Planta alta;
ğŸ“Œ2 Habitaciones
ğŸ“Œ1 BaÃ±o familiar

Apta para crÃ©dito AFD!!!

https://maps.app.goo.gl/GpyHVp6aHG2BBoi96?g_st=iwb",Duplex - Venta - Paraguay Central San Lorenzo,2.0,2.0,143068082-2,29/07/2024,,Sanlo,,,Ana Verza,1.0,,,,,,,,,,,,,,,,,,,,,,,,186,
33,https://www.remax.com.py/es-py/propiedades/duplex/venta/san-lorenzo/caracas-entre-venezuela-caracas-entre-venezuela/143068090-19,Duplex,,400000000 GS,"ğ„ğ¬ğ­ğšğ¬ ğ›ğ®ğ¬ğœğšğ§ğğ¨ ğ©ğšğ«ğš ğ­ğ® ğ§ğ®ğğ¯ğ¨ ğ¡ğ¨ğ ğšğ« ?
ğğ¨ ğ­ğ ğ©ğ¢ğğ«ğğšğ¬ ğ¥ğš ğ¨ğ©ğ¨ğ«ğ­ğ®ğ§ğ¢ğğšğ ğğ ğ¢ğ§ğ¯ğğ«ğ­ğ¢ğ« ğğ§ ğğ¬ğ­ğ ğšğ¦ğ©ğ¥ğ¢ğ¨ ğ² ğ¡ğğ«ğ¦ğ¨ğ¬ğ¨ ğğ®ğ©ğ¥ğğ±, ğğ§ ğğ¥ ğ¦ğğ£ğ¨ğ« ğ¥ğ®ğ ğšğ« ğ² ğœğğ«ğœğš ğğ ğ­ğ¨ğğ¨!!!!
ğ˜Œğ˜¯ ğ˜·ğ˜¦ğ˜¯ğ˜µğ˜¢ ğ˜ğ˜¦ğ˜³ğ˜®ğ˜°ğ˜´ğ˜¢ ğ˜º ğ˜ˆğ˜®ğ˜±ğ˜­ğ˜ªğ˜° ğ˜‹ğ˜¶ğ˜±ğ˜­ğ˜¦ğ˜¹ - ğ˜‰ğ˜¢ğ˜³ğ˜¤ğ˜¦ğ˜²ğ˜¶ğ˜ªğ˜­ğ˜­ğ˜° - ğ˜Šğ˜¢ğ˜³ğ˜¢ğ˜¤ğ˜¢ğ˜´ ğ˜¦/ğ˜ğ˜¦ğ˜¯ğ˜¦ğ˜»ğ˜¶ğ˜¦ğ˜­ğ˜¢
InversiÃ³nğŸ’µ : Gs. 400.000.000
-Total M2ğŸ“ : 233
-Superficie : 96,60 M2 construido : 136,50
ğŸ¡La casa cuenta con :
Planta Baja:
- Cocina, Comedor, Star
- 1 dormitorio de servicio
- Lavadero
-Quincho
- Cochera
Planta Alta
- 3 Dormitorios 1 en Suite con baÃ±o privado
- Balcon

Caracteristicas :
-El duplex es amplio y cocina Amoblada

UbicaciÃ³n: https://maps.app.goo.gl/hpy72aTq59nVu4K26

âš ï¸La propiedad cuenta con todos los servicios, a cuadras Colegios",Duplex - Venta - Paraguay Central San Lorenzo,3.0,3.0,143068090-19,29/07/2024,,Sanlo,,,Gisell Delgado,1.0,,,,,,,,,,,,,,,,,,,,,,,,233,
34,https://www.remax.com.py/es-py/propiedades/terreno/venta/san-lorenzo/143080135-1,Terreno,,480000000 GS,"Terreno en esquina zona completamente residencial, A 3 cuadras sobre Avenida Eugenio Garay
Sobre la calle Alfonzo RodrÃ­guez, ruta asfaltada,
queda en la esquina, perfecta para residencia o proyectos de inversiÃ³n
LAS ULTIMAS 2 FOTOS SON DEL TERRENO LIMPIO Y ANTES DE DEMOLER LAS CASAS
InversiÃ³n: 480.000.000
UbicaciÃ³n:
https://maps.app.goo.gl/74zs1e9LGT1aBRhz7",Terreno - Venta - Paraguay Central San Lorenzo,,,143080135-1,29/07/2024,,Sanlo,,,Tiago Chase,1.0,,,,,,,,,,,,,,,,,,,,,,,,480,
35,https://www.remax.com.py/es-py/propiedades/terreno/venta/san-lorenzo/143096024-4,Terreno,,250000000 GS,"Terreno en Venta

UbicaciÃ³n: Este terreno se encuentra en esquina, a cuadras del palacio de justicia de San Lorenzo.

CaracterÃ­sticas del Terreno: 12 x 30 mts.

Superficie total de 360 metros cuadrados.


InversiÃ³n: Gs. 250.000.000.-",Terreno - Venta - Paraguay Central San Lorenzo,,,143096024-4,29/07/2024,,Sanlo,,,NicolÃ¡s Lezcano,1.0,,,,,,,,,,,,,,,,,,,,,,,,360,
36,https://www.remax.com.py/es-py/propiedades/duplex/venta/san-lorenzo/san-salvador-espiritu-santo/143025124-105,Duplex,,600000000 GS,"Hermosa Duplex ubicada en el tranquilo EspÃ­ritu Santo de San Lorenzo, este duplex ofrece:
Planta Alta
ğŸ›ï¸ 3 Dormitorios (1 dormitorio en suite) todos los dormitorios con balcones
Planta Baja
ğŸ«• Cocina
ğŸ´ Comedor
ğŸ›‹ï¸ Sala
ğŸš¿ 2 BaÃ±os
ğŸ§½ Ãrea de Lavado
ğŸ¥© Patio

ğŸŒ³ El amplio patio ofrece espacio para disfrutar del aire libre, y cuenta con disponibilidad de estacionar 2 vehÃ­culos. ğŸš—

ğŸ¡ La casa esta excelentemente conservada, es un lugar ideal para cumplir el sueÃ±o de tu casa propia.
Â¡Â¡No pierdas esta oportunidad, agenda una visita!!",Duplex - Venta - Paraguay Central San Lorenzo,3.0,3.0,143025124-105,29/07/2024,,Sanlo,,,Iluminada MartÃ­nez,1.0,,,,,,,,,,,,,,,,,,,,,,,,127,
37,https://www.remax.com.py/es-py/propiedades/terreno/venta/san-lorenzo/los-tucanes-los-gladiolos-los-tucanes-530-c-los-gladiolos/143063140-5,Terreno,,400000000 GS,"Vendo terreno con casa a refaccionar en la ciudad de San Lorenzo en el BÂ° Virgen de los Remedios
La misma esta situada entre las calles Los Tucanes NÂ° 530 casi Los Gladiolos en Callei - San Lorenzo
ES APTO PARA CREDITO BANCARIO
La propiedad esta ublicada en una zona estratÃ©gica a 5 minutos del AutÃ³dromo Aratiri, a 10 minutos de la Avda. Principal Mariscal JosÃ© FÃ©lix Estigarribia tambiÃ©n conocida como Ruta 2
DimensiÃ³n del terreno 15m x 25,6m = 384 m2
A 15 minutos del Hospital de San Lorenzo - Callei y a 20 minutos de la Avda. Principal Las Residentas de Luque
Zona de alto crecimiento urbano, demogrÃ¡fico y comercial
InversiÃ³n 400 millones de guaranÃ­es con titulo a transferir
UbicaciÃ³n de la Propiedad
https://maps.app.goo.gl/pKnuiZyWbK8MUNkM8",Terreno - Venta - Paraguay Central San Lorenzo,,,143063140-5,29/07/2024,,Sanlo,,,Javier Delgado,1.0,,,,,,,,,,,,,,,,,,,,,,,,384,
38,https://www.remax.com.py/es-py/propiedades/terreno/venta/san-lorenzo/29-de-septiembre-casi-25-de-diciembre/143019057-52,Terreno,,300000000 GS,"Oportunidad sobre asfalto de terreno con construcciÃ³n a refaccionar en San Lorenzo, barrio Los Nogales

Terreno: 360 m2
ConstrucciÃ³n: 150 m2

Completamente amurallado, con 3 habitaciones, cocina integrada y baÃ±o
Al fondo quincho con baÃ±o
HabitaciÃ³n de servicio con baÃ±o

Titulado, apto para crÃ©dito bancario
InversiÃ³n: Gs. 300.000.000
Reserva esta opciÃ³n con el 1,7%
Se acepta otro inmueble como parte de pago

Transferencia a cargo del comprador

Zona poblada, Ã³mnibus a 2 cuadras, rÃ¡pida salida a AsunciÃ³n, Fernando, Ã‘emby y Luque.

UbicaciÃ³n:
https://maps.app.goo.gl/279sJ4uXk5Lqtk2i7",Terreno - Venta - Paraguay Central San Lorenzo,1.0,4.0,143019057-52,29/07/2024,,Sanlo,,,Melissa MonzÃ³n,1.0,,,,,,,,,,,,,,,,,,,,,,,,510,
39,https://www.remax.com.py/es-py/propiedades/casa/venta/san-lorenzo/viriato-diaz-perez/143075134-25,Casa,,1200000000 GS,"ğ—˜ğ—» ğ˜ƒğ—²ğ—»ğ˜ğ—® ğ—°ğ—®ğ˜€ğ—® ğ—²ğ—» ğ—¹ğ—® ğ—°ğ—¶ğ˜‚ğ—±ğ—®ğ—± ğ—±ğ—² ğ—¦ğ—®ğ—» ğ—Ÿğ—¼ğ—¿ğ—²ğ—»ğ˜‡ğ—¼ - sobre calles asfaltadas.
A tres cuadras del Stock.

âœ… DistribuciÃ³n de la casa principal:
- Sala con chimenea.
- BaÃ±o social.
- 1 Dormitorio en suite, con hidromasaje.
- Cocina amoblada.
- Amplio Comedor.
- Lavadero.
- Estacionamiento para varios vehÃ­culos.
- Quincho con Parrilla.

âœ… DistribuciÃ³n de la casa de 2 plantas:

â–ªâ—¾ Planta Baja:
- 1 Dormitorio.
- 1 BaÃ±o.
- Amplio hall

â–ªâ—¾ Planta Alta:
- 2 Dormitorios.
- 1 BaÃ±o.

ğŸ“ğ—¦ğ˜‚ğ—½. ğ—Ÿğ—¼ğ˜ğ—² 1: (15 x 28.20) = 423 mÂ²
ğŸ“ğ—¦ğ˜‚ğ—½. ğ—Ÿğ—¼ğ˜ğ—² 2: (10 x 28.30) = 282 mÂ²
ğŸ“ğ—§ğ—¼ğ˜ğ—®ğ—¹ ğ— ğ˜ğ˜€Â²: 705 mÂ²

ğŸ’°ğ—œğ—»ğ˜ƒğ—²ğ—¿ğ˜€ğ—¶ğ—¼Ìğ—»: Gs. 1.200.000.000
ğŸ“ TÃ­tulo disponible para transferir.
âœ… Apto para crÃ©dito bancario.

ğŸ“ Link de la UbicaciÃ³n:
https://goo.gl/maps/V7RpW65jcWxhT6Ss9",Casa - Venta - Paraguay Central San Lorenzo,4.0,4.0,143075134-25,29/07/2024,,Sanlo,,,Clara Sosa,,,,,,,,,,,,,,,,,,,,,,,,,935,
40,https://www.remax.com.py/es-py/propiedades/casa/venta/san-lorenzo/143009106-121,Casa,,"150,000 USD","VENDO RESIDENCIA EN ESQUINA, BO SAN JOSE

Excelente oportunidad de inversiÃ³n en SAN lorenzo
VENDO CASA EN ESQUINA TOTALMENTE AMURALLADO,CON CERCADO ELÃ‰CTRICO CON 720 MTS2. DISTRIBUIDO DE LA SIGUIENTE MANERA:

_ HALL DE ACCESO principal
_Cochera cubierta
_Amplio living
_ Amplio living comedor
_Cocina
_Dormitorio en suite
_ Deposito
POR SU UBICACIÃ“N Y CARACTERÃSTICAS ES UNA PROPIEDAD IDEAL PARA VIVIENDA O PARA OFICINA COMO CLÃNICA MEDICA,INSTITUTO DE ENSEÃ‘ANZA,
OFICINAS",Casa - Venta - Paraguay Central San Lorenzo,4.0,4.0,143009106-121,29/07/2024,,Sanlo,,,Carmen Toledo,1.0,,,,,,,,,,,,,,,,,,,,,,,,"1,040",
41,https://www.remax.com.py/es-py/propiedades/casa/venta/san-lorenzo/111406-eugenio-agaray-don-bosco/143095016-8,Casa,,"450,000 USD","Vendo una Propiedad Comercial en la ciudad de San Lorenzo
- Esta muy bien ubicada sobre el asfalto a metros de la Sub EstÃ¡tica de la Ande.
- Cuenta con 6 salones comerciales tamaÃ±o 8x4 m con baÃ±os la construcciÃ³n mide en total 24x8 estÃ¡n construida con loza.
-La propiedad tiene una dimensiÃ³n de 24x34 m.
-En la parte trasera de la propiedad hay 1 deposito de 15x7 m con 3 baÃ±os
-1 cocina de 3x8 m
- PortÃ³n Reja Perimetral de 21 m
-El patio disponible es de 400 m Aprox.
- Cuenta con Agua, Luz, Pozo Artesiano.
La propiedad esta ubicada en un lugar privilegiado excelente para inversionistas.
Lugares cerca de la propiedad.
- Petropar A 1 cuadra
- Movitec Empresa de Maquinarias a 1 cuadra y media
- Copetrol a 2 cuadras
-Guaira pisos a 3 cuadras
- Nuevo Fortis Mayorista a 2 cuadras
-Surcos textil a 600 m
Otros lugares importantes que estÃ¡n cercas serian colegios, escuelas, mercado de San Lorenzo, ciclovÃ­a, Shopping Pinedo.",Casa - Venta - Paraguay Central San Lorenzo,6.0,8.0,143095016-8,29/07/2024,,Sanlo,,,Lider Chaparro,1.0,,,,,,,,,,,,,,,,,,,,,,,,816,
42,https://www.remax.com.py/es-py/propiedades/accommodation/venta/san-lorenzo/143078018-25,Accommodation,,1600000000 GS,"Amplio Inmueble para fin Residencial- Comercial
PodrÃ­a ser destinado como oficina administrativa, consultorios y/o Spa. Apto para varios rubros comerciales y Vivienda como tal por el ambiente tranquilo y exclusivo de la zona. (CUADRA SIN SALIDA)

Excelente ubicaciÃ³n estratÃ©gica para conectar con ciudades como Luque, Fdo. de la Mora, CapiatÃ¡ ruta 1 y 2. TambiÃ©n a cuadras de Laguna Grande con salida rÃ¡pida a AsunciÃ³n. A 12 cuadras de la sub- estÃ¡tica Luque- San Lorenzo.

Cuenta con una dimensiÃ³n de 1.080 m2, son tres terrenos con predio edificado de 146m2 en uno de ellos y con tres accesos.
Amplio patio para estacionamiento cercado y amurallado.
Con cÃ¡maras elÃ©ctricas instaladas.
Cercado.

Bloque interno: Varios ambientes de tamaÃ±o mediano.
Cocina totalmente amoblada con mÃ¡rmol y traga Luz que brinda excelente iluminaciÃ³n.
Sala comedor amplia.
2 baÃ±os amoblados con sector de ducha separado, es decir un baÃ±o totalmente social.
Lavadero amplio + 2 habitaciones + uno que se puede acondicionar .
2 aires acondicionados.

Bloque Externo: Quincho bastante amplio con parrilla.
Estacionamiento sÃºper amplio con 2 portones entrada para camiones y uno para peatones
DepÃ³sito grande y pequeÃ±o afuera de la casa.

Se acepta colocar algÃºn separador de sector con preaviso.
TambiÃ©n se puede utilizar la terraza, hay un lindo acceso a la escalera y vista desde arriba.

Finas terminaciones en cada sector de la propiedad.


Link de ubicaciÃ³n: https://www.google.com/maps/place/25%C2%B019'37.5%22S+57%C2%B029'50.7%22W/@-25.3270798,-57.4999923,17z/data=!3m1!4b1!4m4!3m3!8m2!3d-25.3270798!4d-57.4974174?hl=es&entry=ttu",Accommodation - Venta - Paraguay Central San Lorenzo,,,143078018-25,29/07/2024,,Sanlo,,,Laura Ramos,1.0,,,,,,,,,,,,,,,,,,,,,,,,,
43,https://www.remax.com.py/es-py/propiedades/casa/venta/san-lorenzo/143082002-123,Casa,,460000000 GS,"EN VENTA TERRERO EN SAN LORENZO IDEAL PARA PROYECTO (entran 2 DÃºplex) â€¼ï¸
ğŸ“A 70 metros de la Avda. Manuel Ortiz Guerrero, sobre ASFALTADO.

â–«ï¸Ciudad: San Lorenzo
â–«ï¸Barrio: Villa Industrial II
â–«ï¸DirecciÃ³n: Nicanor PatiÃ±o c/ Timbo
â–«ï¸DimensiÃ³n 12x30 mts.

- tiene una pequeÃ±a construcciÃ³n a refaccionar o demoler.
ğŸ”¸TOTAL: 360 M2.
ğŸ”¸PRECIO DE VENTA: GS. 460.000.000
Link de la ubicaciÃ³n

https://maps.app.goo.gl/2CjkDWY4UwvgqeF68

Contacta con tu Agente RE/MAX de confianza.",Casa - Venta - Paraguay Central San Lorenzo,1.0,1.0,143082002-123,29/07/2024,,Sanlo,,,Gerardo Rojas,,,,,,,,,,,,,,,,,,,,,,,,,360,
44,https://www.remax.com.py/es-py/propiedades/casa/venta/san-lorenzo/miraflores-c-sacramento/143019039-98,Casa,,1650000000 GS,"Residencia en venta en la ciudad de San Lorenzo, barrio residencial Miraflores, sobre calle asfaltada.

ConstrucciÃ³n de dos plantas con diseÃ±o toscano con amplios balcones, doble altura interna, techo traslÃºcido en parte de la sala y acceso a segunda planta, acceso al patio y quincho a travÃ©s de enormes puertas de vidrios templados corredizos superpuestos tipo Carro Roma.
Conformada de la sgte manera:

Planta baja: garaje techado, hall de acceso, oficina y baÃ±o social,
Sala estar.
Cocina y comedor.
Ãrea de servicio: lavadero y depÃ³sito.
Patio y piscina.
Quincho con habitaciÃ³n y baÃ±o

Planta alta: estar Ã­ntimo, cuatro habitaciones; una en suite con vestidor.
BaÃ±o familiar.
Balcones en las habitaciones de adelante y atrÃ¡s.
Cuenta con tÃ­tulo, CCC.

UbicaciÃ³n: https://maps.app.goo.gl/TgxexgizCNCXiH5R8",Casa - Venta - Paraguay Central San Lorenzo,4.0,5.0,143019039-98,29/07/2024,,Sanlo,,,JosÃ© Morel Garay,,,,,,,,,,,,,,,,,,,,,,,,,376.50,
45,https://www.remax.com.py/es-py/propiedades/departamento/venta/san-lorenzo/obelisco-y-carlos-gimenez-barcequillo/143068088-15,Departamento,,220000000 GS,"En venta increÃ­ble Departamento en la ciudad de San Lorenzo

Esta propiedad te brinda todas las comodidades el departamento se encuentra en excelente estado de conservaciÃ³n/moderno/reformado. Zona Tranquila y bien conectada a colegios , shopping, supermercados .El edificio cuenta con tres pisos, esta se ubica en el primer piso con 64m2 propios 48 departamentos en total, esta ubicado a dos cuadras de la Av. Pastora CÃ©spedes que conecta con la Avenida Mariscal Estigarribia

ğŸ  CaracterÃ­sticas del Departamento :

1 ğŸ›‹ Sala / ğŸ›‹ Comedor integrado
1 ğŸ³ Cocina Semiamoblada.
ğŸ›ï¸ 2 habitaciones y 1 baÃ±o compartido
ğŸ“ https://maps.app.goo.gl/HrMzxopwYiyyXPDQA

Monto de la Inversion : 220.000.000 GS",Departamento - Venta - Paraguay Central San Lorenzo,1.0,2.0,143068088-15,29/07/2024,,Sanlo,,,Alexandra Villamayor,,,,,,,,,,,,,,,,,,,,,,,,,64,
46,https://www.remax.com.py/es-py/propiedades/deposito/venta/san-lorenzo/odilonia-fretes-casi-juan-rotela/143063080-77,DepÃ³sito,,"280,000 USD","En venta deposito con oficinas en San Lorenzo, reciÃ©n refaccionado

Ubicado en una esquina, de un callejon sin salida.
Todos los documentos listos para transferencia inmediata.

854 m2 construidos
100 m2 de oficinas
Tanque de agua de 30.000 l
Planos aprobado para PCI.

Ubicado a pasos de la ciclovia de San Lorenzo.
https://maps.app.goo.gl/UE67VdbtSL6D3Zoy7

Precio de venta: USD 280.000

Ideal para inversores: renta del 8% en USD.",DepÃ³sito - Venta - Paraguay Central San Lorenzo,,,143063080-77,29/07/2024,,Sanlo,,,Paloma Heyn,,,,,,,,,,,,,,,,,,,,,,,,,"1,747",
47,https://www.remax.com.py/es-py/propiedades/terreno/venta/san-lorenzo/avda-manuel-ortiz-guerrero-casi-juan-pablo-ocampo-avda-manuel-ortiz-guerrero-casi-juan-pablo-ocampo/143036064-111,Terreno,,"500,000 USD","Interesante propiedad, de calle a calle ubicada sobre la Avda. Manuel Ortiz Guerrero casi Juan Pablo Ocampos, tercera calle denominada Anochecer - Capilla del Monte, San Lorenzo.

Tener en cuenta el gran flujo vehicular sobre la avenida, ideal para cualquier tipo de emprendimientos comerciales.

*Dimensiones del lote: 26mtrs de frente x 92mtrs de fondo.
*Totalizando: 3.433m2

InversiÃ³n: $500.000 - Se escuchan Ofertas!!!
Titulo listo a transferir

Link de la ubicaciÃ³n:
https://maps.app.goo.gl/vFSqEpX6TJXQwoNy9",Terreno - Venta - Paraguay Central San Lorenzo,,,143036064-111,29/07/2024,,Sanlo,,,Amanda Ayala,,,,,,,,,,,,,,,,,,,,,,,,,"3,433",
48,https://www.remax.com.py/es-py/propiedades/casa/venta/san-lorenzo/carlos-gimenez-y-emerson-barrio-maria-angela/143025124-104,Casa,,790000000 GS,"Hermosa casa ubicada en el tranquilo Maria Angela de San Lorenzo, esta casa ofrece:

ğŸ›ï¸ 3 Dormitorios
ğŸ«• Cocina
ğŸ´ Comedor
ğŸ›‹ï¸ Sala
ğŸš¿ 2 BaÃ±os
ğŸ§½ Ãrea de Lavado
ğŸ¥© Patio
APTO PARA CREDITO BANCARIO


ğŸŒ³ El amplio patio ofrece espacio para disfrutar del aire libre, y cuenta con disponibilidad de estacionar 2 vehÃ­culos. ğŸš—

ğŸ¡ La casa esta excelentemente conservada, es un lugar ideal para cumplir el sueÃ±o de tu casa propia.
Â¡Â¡No pierdas esta oportunidad, agenda una visita!!

ğŸ’° InversiÃ³n: 790.000.000 GS.

ğŸ“UbicaciÃ³n:https://www.google.com/maps/place/MF35%2BJQX/@-25.3458875,-57.5405156,17z/data=!4m6!3m5!1s0x945daebbe11a7025:0xbfc511e65634c069!4b1!8m2!3d-25.3458875!4d-57.5405156?entry=ttu",Casa - Venta - Paraguay Central San Lorenzo,2.0,3.0,143025124-104,29/07/2024,,Sanlo,,,Iluminada MartÃ­nez,,,,,,,,,,,,,,,,,,,,,,,,,485,
49,https://www.remax.com.py/es-py/propiedades/business/venta/san-lorenzo/143009106-120,Business,,650000000 GS,"VENDO LAVADERO ,EN FUNCIONAMIENTO ,SAN LORENZO REDUCTO

VENDO LAVADERO,EN FUNCIONAMIENTO,OPTIMAS CONDICIONES,LUGAR ESTRATÃ‰GICO,EN LA ZONA DE REDUCTO SAN LORENZAN
POSEE,POZO ARTESIANO PROPIO
EN FUNCIONAMIENTO 2 ELEVADORES ,EN OPTIMO FUNCIONAMIENTO A FULL
ADEMAS 2 DORMITORIOS DE 4X3 CON BAÃ‘O

1 DEPOSITO DE MAQUINAS, HORMIGONADO DE 6 MTS X 3 MTS

RENTABILIDAD SEMANAL.4.000.000 A 5.000.000 ,TOTAL MENSUAL 20.000.000",Business - Venta - Paraguay Central San Lorenzo,,,143009106-120,29/07/2024,,Sanlo,,,Carmen Toledo,,,,,,,,,,,,,,,,,,,,,,,,,,
50,https://www.remax.com.py/es-py/propiedades/departamento/venta/san-lorenzo/quirino-codas-thompson-y-los-rosales-san-lorenzo-bo-san-miguel/143068082-1,Departamento,,270000000 GS,"Ubicado en el Edificio Laguna Grande, planta baja, unidad 119 del bloque Nro. 5

ÃREA PROPIA: 46,55 M2.
ÃREA COMÃšN: 2,95 M2.
RECREACIÃ“N: 2,38 M2.
TOTAL 51,88 M2.

UbicaciÃ³n estratÃ©gica, para inversiÃ³n o ideal para vivienda familiar y/o trabajadores que deseen vivir en una zona tranquila ,muy cerca de todo, de fÃ¡cil acceso , zona de grandes supermercados, hospital de clÃ­nicas y otros.
Cuenta con:
-Sala-cocina comedor integrado con un juego de mesa de 4 sillas, Heladera de dos puertas, AA 24.000 BTU., cocina, estractor, horno elÃ©ctrico, Muebles de cocina ACHÃ“N, mesa de planchar.
-Primer dormitorio: Un somier con cabecera de 1,60 y divÃ¡n, dos mesitas de luz, un toalet, AA 12.000 BTU.
-Segundo dormitorio: Un somier con cabecera de 1,20, una comoda de 4 cajones
-Un baÃ±o
-Lavadero
-Una cochera
Amenities de la propiedad: predio cerrado con guardia de seguridad 24 hs., piscina, Ã¡reas verdes, quincho con parrilla, parque infantil y cancha de bÃ¡squet.
Expensas: 350.000 mensual
Apta para crÃ©dito AFD!!!

https://maps.app.goo.gl/mZ4419YrtPASBmpp6?g_st=iwb",Departamento - Venta - Paraguay Central San Lorenzo,1.0,2.0,143068082-1,29/07/2024,,Sanlo,,,Ana Verza,,,,,,,,,,,,,,,,,,,,,,,,,46.55,
51,https://www.remax.com.py/es-py/propiedades/deposito/venta/san-lorenzo/monte-everest-monte-everest/143061046-65,DepÃ³sito,,662500000 GS,"EN VENTA DEPÃ“SITO A EXCELENTE PRECIO Y BUENISIMA UBICACION

En venta terreno con deposito , en excelente ubicaciÃ³n, en el centro de San Lorenzo especial para taller mecanico, emprendimientos industriales, depÃ³sitos, materiales de construccion, repuestos, empresas, zona comercial, centro de distribuciÃ³n.

El Deposito cuenta con:
Todos los servicios activos
1 oficina
1 baÃ±o
1 cocina
1 altillo tipo deposito

Dimensiones del terreno: 12x30m2
Superficie del terreno: 360m2
m2 construidos: 180m2
Total m2: 540m2
InversiÃ³n: Gs. 662.500.000

https://maps.app.goo.gl/juXHLPgBV1UQxZBG6",DepÃ³sito - Venta - Paraguay Central San Lorenzo,,,143061046-65,29/07/2024,,Sanlo,,,Maria Paniagua,,,,,,,,,,,,,,,,,,,,,,,,,540,
52,https://www.remax.com.py/es-py/propiedades/terreno/venta/san-lorenzo/monte-everest-monte-everest/143061046-64,Terreno,,350000000 GS,"EXCELENTE PRECIO DE TERRENO EN SANTA MARIA SAN LORENZO

Se vende terreno en excelente ubicaciÃ³n en la cuidad de San Lorenzo
Hermoso terreno ideal para vivienda en zona tranquila, barrio familiar, comodo, cerca de todo.
Centro mismo de San Lorenzo
Zona segura y de crecimiento constante, zona familiar, tranquila, cerca de todo.
Terreno listo para edificar

Ubicado en el Barrio Santa Maria, cerca de colegios, varias lineas de colectivo en las cercanias


Dimensiones: 12x30m2
Superficie total del terreno: 360m2
InversiÃ³n: Gs. 350.000.000
Apto para credito bancario

Agenda tu visita con tu agente Remax de confianza!

https://maps.app.goo.gl/hCftDXhhyGFS13YQ8",Terreno - Venta - Paraguay Central San Lorenzo,1.0,1.0,143061046-64,29/07/2024,,Sanlo,,,Maria Paniagua,,,,,,,,,,,,,,,,,,,,,,,,,360,
53,https://www.remax.com.py/es-py/propiedades/casa/venta/san-lorenzo/jacinto-herrera-esq-argentina-a-500mts-avelino-y/143075089-26,Casa,,320000000 GS,"VENDO 2 CASAS en Esquina en San Lorenzo.

ğŸ“Calle Jacinto Herrera esquina Argentina Barrio EspÃ­ritu Santo.

Ideal para invertir ğŸ 


Medidas del Terreno :

ğŸ“ 12 x 30metros
ğŸ“ 360 m2

Caracteristicas :
La 1Â° casa cuenta con:

âœ…Sala
âœ…3 habitaciones
âœ…Cocina Comedor
âœ… garage 2 vehÃ­culos

La 2Â° casa cuenta(a terminar)
âœ… 4 habitaciones
âœ… cocina
âœ…ï¸ baÃ±o
âœ… estacionamiento 2 vehÃ­culos


ğŸ“ Se encuentra:
â‡ï¸ A 500 metros de Avelino Martinez esq Leopardi

âœ…ï¸ No apto para credito bancario.

ğŸ“UbicaciÃ³n https://maps.app.goo.gl/EiqxTqumZQE4PSWV8

InversiÃ³n Gs. 315.000.000

Consulta con tu agente de confianza al ğŸ“²",Casa - Venta - Paraguay Central San Lorenzo,2.0,7.0,143075089-26,29/07/2024,,Sanlo,,,RenÃ© Gonzalez,,,,,,,,,,,,,,,,,,,,,,,,,520,
54,https://www.remax.com.py/es-py/propiedades/casa/venta/san-lorenzo/tte-molas-tte-molas-entre-sargento-silva-y-gral-caballero/143026181-5,Casa,,830000000 GS,"Te sorprenderÃ¡ el encanto de esta espaciosa residencia ubicada en San Lorenzo en el barrio Lucerito, donde la comodidad y la accesibilidad se fusionan en perfecta armonÃ­a. DiseÃ±ada con una distribuciÃ³n funcional que optimiza cada metro cuadrado, esta casa ofrece una experiencia de vida confortable en un entorno sereno y conectado. Sus mÃºltiples habitaciones y amplias Ã¡reas sociales brindan flexibilidad y comodidad para todos los miembros de la familia.

El jardÃ­n meticulosamente cuidado no solo embellece el entorno, sino que tambiÃ©n invita a disfrutar de momentos de relajaciÃ³n al aire libre. Ubicada estratÃ©gicamente en una calle principal, la propiedad asegura un acceso fÃ¡cil y conveniente a instituciones educativas pÃºblicas y privadas, asÃ­ como a una variedad de servicios como transporte pÃºblico, comercios abiertos las 24 horas, restaurantes, farmacias y atracciones locales.

Ideal para aquellos que aprecian el espacio y el confort, esta propiedad ofrece una oportunidad Ãºnica para disfrutar de un estilo de vida equilibrado, combinando la tranquilidad del entorno con la proximidad a todas las comodidades modernas. AdemÃ¡s de su ubicaciÃ³n privilegiada, la casa estÃ¡ equipada con cÃ¡maras de vigilancia, cerco elÃ©ctrico perimetral y una bomba presurizadora de agua, proporcionando seguridad y funcionalidad adicionales.

La distribuciÃ³n de la casa incluye 3 habitaciones con un baÃ±o compartido, un baÃ±o social para visitas, un acogedor estar social para el disfrute diario, y una cocina comedor diseÃ±ada para reuniones familiares. El amplio jardÃ­n cuenta con Ã¡rboles frutales que aÃ±aden encanto y practicidad al espacio exterior, mientras que los patios frontal y trasero ofrecen un quincho con mesada y lavabo, un lavadero bien organizado, y espacio de estacionamiento para hasta 4 vehÃ­culos.

Con todo esto, esta propiedad representa una oportunidad excepcional para aquellos que buscan establecerse en un hogar que combine funcionalidad, confort y una ubicaciÃ³n estratÃ©gica.

Â¡No dudes en contactarnos para mÃ¡s informaciÃ³n o para programar una visita y descubrir todo lo que esta casa tiene para ofrecer!",Casa - Venta - Paraguay Central San Lorenzo,1.0,3.0,143026181-5,29/07/2024,,Sanlo,,,DÃ©maris BenÃ­tez,,,,,,,,,,,,,,,,,,,,,,,,,570,
55,https://www.remax.com.py/es-py/propiedades/terreno/venta/san-lorenzo/san-blas-y-21-de-setiembre-zona-fuente-shopping-a-pasos-de-leopardi/143100008-10,Terreno,,,,,,,,29/07/2024,,Sanlo,,,,,,,,,,,,,,,,,,,,,,,,,,,,,
56,https://www.remax.com.py/es-py/propiedades/local-comercial/venta/san-lorenzo/julia-miranda-cueto-esquina-saturio-rios-julia-miranda-cueto/143009127-49,Local Comercial,,,,,,,,29/07/2024,,Sanlo,,,,,,,,,,,,,,,,,,,,,,,,,,,,,
57,https://www.remax.com.py/es-py/propiedades/terreno/venta/san-lorenzo/1%C2%B0-de-marzo-c-benjamin-aceval-1%C2%B0-de-marzo-c-benjamin-aceval/143014139-123,Terreno,,,,,,,,29/07/2024,,Sanlo,,,,,,,,,,,,,,,,,,,,,,,,,,,,,
58,https://www.remax.com.py/es-py/propiedades/casa/venta/san-lorenzo/rosales-trebol/143063140-4,Casa,,,,,,,,29/07/2024,,Sanlo,,,,,,,,,,,,,,,,,,,,,,,,,,,,,
59,https://www.remax.com.py/es-py/propiedades/duplex/venta/san-lorenzo/ybyrapyta-c-cabildo-ybyrapyta-c-cabildo/143038011-333,Duplex,,,,,,,,29/07/2024,,Sanlo,,,,,,,,,,,,,,,,,,,,,,,,,,,,,
